model,accuracy,f1,precision,recall,roc_auc,confusion_matrix
random_forest,0.9930313588850174,0.9950166112956811,0.9966722129783694,0.9933665008291874,0.9998200213403268,"[[256   2]
 [  4 599]]"
mlp,0.9779326364692218,0.9842061512884456,0.9866666666666667,0.9817578772802653,0.9973774538161904,"[[250   8]
 [ 11 592]]"
